Track,Country
TT Circuit Assen,NL
Automotodrom Brno,CZ
Spa-Francorchamps,BE
Sachsenring,DE
Circuito de Jerez - Angel Nieto,ES
Autodromo Internazionale del Mugello,IT
Le Mans,FR
Isle of Man,GB
Monza,IT
Misano World Circuit Marco Simoncelli,IT
Hockenheim,DE
Circuit de Barcelona-Catalunya,ES
Belfast,IR
Phillip Island,AU
Circuit Ricardo Tormo,ES
Jarama,ES
Silverstone Circuit,GB
Imatra,FI
Nurburgring,DE
Salzburgring,AT
Donington Park,GB
Mobility Resort Motegi,JP
Sepang International Circuit,MY
Anderstorp,SE
Lusail International Circuit,QA
Suzuka,JP
Montjuïc,ES
Imola,IT
Rijeka,HR
Paul Ricard,FR
MotorLand Aragón,ES
Estoril Circuit,PT
Red Bull Ring - Spielberg,AT
Opatija,HR
Oscar A. Galvez,AR
Clermont-Ferrand,FR
Circuit Of The Americas,US
Nelson Piquet,BR
Indianapolis Motor Speedway,US
Mazda Raceway,US
Solitude,DE
Termas de Río Hondo,AR
Shah Alam,MY
Berne,CH
Phakisa Freeway,ZA
Eastern Creek,AU
Shanghai Circuit,CN
San Carlos,VE
Autódromo Internacional do Algarve,PT
Chang International Circuit,TH
Istanbul Park Circuit,TR
Kyalami,ZA
Rouen,FR
Nogaro,FR
Tampere,FI
Fisco,JP
Daytona,US
Kristianstad,SE
Karlskoga,SE
Sentul,ID
Hungaroring,HU
Goiania,BR
KymiRing,FI
Hedemora,SE
Reims,FR
Pertamina Mandalika Circuit,ID
Mosport,CA
Interlagos,BR
Magny Cours,FR
Johor,MY
Albi,FR
Schotten,DE
